[
	{
		"objectId": "822FCDE4-7AE1-4EBE-A389-756007443920",
		"kind": "artboard",
		"name": "Contacts",
		"originalName": "Contacts",
		"maskFrame": null,
		"layerFrame": {
			"x": 476,
			"y": 1054,
			"width": 375,
			"height": 667
		},
		"visible": true,
		"metadata": {},
		"backgroundColor": "rgba(255, 255, 255, 1)",
		"image": {
			"path": "images/Layer-Contacts-odiyrkne.png",
			"frame": {
				"x": 476,
				"y": 1054,
				"width": 375,
				"height": 667
			}
		},
		"children": [
			{
				"objectId": "6B6A61BE-4A0C-4907-BC59-91F3EAB2ED08",
				"kind": "group",
				"name": "Edit_icon",
				"originalName": "Edit icon",
				"maskFrame": null,
				"layerFrame": {
					"x": 336,
					"y": 28,
					"width": 24,
					"height": 24
				},
				"visible": true,
				"metadata": {
					"opacity": 1
				},
				"image": {
					"path": "images/Layer-Edit_icon-nki2qtyx.png",
					"frame": {
						"x": 336,
						"y": 28,
						"width": 24,
						"height": 24
					}
				},
				"children": []
			},
			{
				"objectId": "5482F345-C8AE-4535-BE39-6C840F46662E",
				"kind": "group",
				"name": "New_Group",
				"originalName": "New Group",
				"maskFrame": null,
				"layerFrame": {
					"x": -1,
					"y": 167,
					"width": 376,
					"height": 47
				},
				"visible": true,
				"metadata": {
					"opacity": 1
				},
				"image": {
					"path": "images/Layer-New_Group-ntq4mkyz.png",
					"frame": {
						"x": -1,
						"y": 167,
						"width": 376,
						"height": 47
					}
				},
				"children": []
			},
			{
				"objectId": "0E307AE5-3196-4A0B-893C-1F488BD1BBDB",
				"kind": "group",
				"name": "Contacts1",
				"originalName": "Contacts",
				"maskFrame": null,
				"layerFrame": {
					"x": 8,
					"y": 223,
					"width": 367,
					"height": 447
				},
				"visible": true,
				"metadata": {
					"opacity": 1
				},
				"image": {
					"path": "images/Layer-Contacts-meuzmddb.png",
					"frame": {
						"x": 8,
						"y": 223,
						"width": 367,
						"height": 447
					}
				},
				"children": []
			}
		]
	},
	{
		"objectId": "A7A74BAB-6EA5-4A28-84D8-EA3C872414F4",
		"kind": "artboard",
		"name": "Calls",
		"originalName": "Calls",
		"maskFrame": null,
		"layerFrame": {
			"x": 1751,
			"y": 1054,
			"width": 375,
			"height": 667
		},
		"visible": true,
		"metadata": {},
		"backgroundColor": "rgba(255, 255, 255, 1)",
		"image": {
			"path": "images/Layer-Calls-qtdbnzrc.png",
			"frame": {
				"x": 1751,
				"y": 1054,
				"width": 375,
				"height": 667
			}
		},
		"children": [
			{
				"objectId": "76A345A5-FD7D-4032-AD4E-17EA01F79E3E",
				"kind": "group",
				"name": "New_Call_icon",
				"originalName": "New Call icon",
				"maskFrame": null,
				"layerFrame": {
					"x": 338,
					"y": 30,
					"width": 21,
					"height": 24
				},
				"visible": true,
				"metadata": {
					"opacity": 1
				},
				"image": {
					"path": "images/Layer-New_Call_icon-nzzbmzq1.png",
					"frame": {
						"x": 338,
						"y": 30,
						"width": 21,
						"height": 24
					}
				},
				"children": [
					{
						"objectId": "02B232B0-FBE5-4DFC-B0A9-510D16BFAED0",
						"kind": "group",
						"name": "Group_109",
						"originalName": "Group 109",
						"maskFrame": null,
						"layerFrame": {
							"x": 350,
							"y": 30,
							"width": 9,
							"height": 9
						},
						"visible": true,
						"metadata": {
							"opacity": 1
						},
						"image": {
							"path": "images/Layer-Group_109-mdjcmjmy.png",
							"frame": {
								"x": 350,
								"y": 30,
								"width": 9,
								"height": 9
							}
						},
						"children": []
					}
				]
			},
			{
				"objectId": "948ADAD3-7422-4F8F-979A-D06AB938F5D7",
				"kind": "group",
				"name": "Segmented_Control",
				"originalName": "Segmented Control",
				"maskFrame": null,
				"layerFrame": {
					"x": 112,
					"y": 27,
					"width": 151,
					"height": 30
				},
				"visible": true,
				"metadata": {
					"opacity": 1
				},
				"image": {
					"path": "images/Layer-Segmented_Control-otq4qurb.png",
					"frame": {
						"x": 112,
						"y": 27,
						"width": 151,
						"height": 30
					}
				},
				"children": [
					{
						"objectId": "7DBE56EA-90D3-402A-A781-5CDD2EC7A71C",
						"kind": "group",
						"name": "Rectangle_10",
						"originalName": "Rectangle 10",
						"maskFrame": {
							"x": 0,
							"y": 0.3813313518357972,
							"width": 151,
							"height": 29.12514650967728
						},
						"layerFrame": {
							"x": 112,
							"y": 27,
							"width": 151,
							"height": 30
						},
						"visible": true,
						"metadata": {
							"opacity": 1
						},
						"image": {
							"path": "images/Layer-Rectangle_10-n0rcrtu2.png",
							"frame": {
								"x": 112,
								"y": 27,
								"width": 151,
								"height": 30
							}
						},
						"children": []
					}
				]
			},
			{
				"objectId": "C3F62766-71D9-4376-ACB8-D9DEF6859F83",
				"kind": "group",
				"name": "Calls1",
				"originalName": "Calls",
				"maskFrame": null,
				"layerFrame": {
					"x": 13,
					"y": 179,
					"width": 362,
					"height": 485
				},
				"visible": true,
				"metadata": {
					"opacity": 1
				},
				"image": {
					"path": "images/Layer-Calls-qzngnji3.png",
					"frame": {
						"x": 13,
						"y": 179,
						"width": 362,
						"height": 485
					}
				},
				"children": []
			}
		]
	},
	{
		"objectId": "B38989AC-8D43-4107-AB76-80AD313DF687",
		"kind": "artboard",
		"name": "Status",
		"originalName": "Status",
		"maskFrame": null,
		"layerFrame": {
			"x": 2176,
			"y": 1054,
			"width": 375,
			"height": 667
		},
		"visible": true,
		"metadata": {},
		"backgroundColor": "rgba(255, 255, 255, 1)",
		"image": {
			"path": "images/Layer-Status-qjm4otg5.png",
			"frame": {
				"x": 2176,
				"y": 1054,
				"width": 375,
				"height": 667
			}
		},
		"children": [
			{
				"objectId": "FB509980-5F05-447E-965C-D5BE9E8AC790",
				"kind": "group",
				"name": "My_Status",
				"originalName": "My Status",
				"maskFrame": null,
				"layerFrame": {
					"x": 0,
					"y": 150,
					"width": 377,
					"height": 75
				},
				"visible": true,
				"metadata": {
					"opacity": 1
				},
				"image": {
					"path": "images/Layer-My_Status-rki1mdk5.png",
					"frame": {
						"x": 0,
						"y": 150,
						"width": 377,
						"height": 75
					}
				},
				"children": [
					{
						"objectId": "321ABE08-7955-4698-BC89-9B2BDF01DD42",
						"kind": "group",
						"name": "Group_2",
						"originalName": "Group 2",
						"maskFrame": null,
						"layerFrame": {
							"x": 310,
							"y": 170,
							"width": 36,
							"height": 36
						},
						"visible": true,
						"metadata": {
							"opacity": 1
						},
						"image": {
							"path": "images/Layer-Group_2-mzixqujf.png",
							"frame": {
								"x": 310,
								"y": 170,
								"width": 36,
								"height": 36
							}
						},
						"children": [
							{
								"objectId": "DE6D83F5-0667-43CC-9D50-3240A2028FD0",
								"kind": "group",
								"name": "Group_114",
								"originalName": "Group 114",
								"maskFrame": null,
								"layerFrame": {
									"x": 320,
									"y": 181,
									"width": 16,
									"height": 16
								},
								"visible": true,
								"metadata": {
									"opacity": 1
								},
								"image": {
									"path": "images/Layer-Group_114-reu2rdgz.png",
									"frame": {
										"x": 320,
										"y": 181,
										"width": 16,
										"height": 16
									}
								},
								"children": []
							}
						]
					},
					{
						"objectId": "53E409ED-F637-46E0-BFA5-37C1F8A92FB6",
						"kind": "group",
						"name": "Group_3",
						"originalName": "Group 3",
						"maskFrame": null,
						"layerFrame": {
							"x": 254,
							"y": 170,
							"width": 36,
							"height": 36
						},
						"visible": true,
						"metadata": {
							"opacity": 1
						},
						"image": {
							"path": "images/Layer-Group_3-ntnfnda5.png",
							"frame": {
								"x": 254,
								"y": 170,
								"width": 36,
								"height": 36
							}
						},
						"children": [
							{
								"objectId": "51B73FF2-2C72-466F-B339-E5468927EB27",
								"kind": "group",
								"name": "Camera1",
								"originalName": "Camera",
								"maskFrame": null,
								"layerFrame": {
									"x": 263,
									"y": 181,
									"width": 19,
									"height": 15
								},
								"visible": true,
								"metadata": {
									"opacity": 1
								},
								"image": {
									"path": "images/Layer-Camera-ntfcnzng.png",
									"frame": {
										"x": 263,
										"y": 181,
										"width": 19,
										"height": 15
									}
								},
								"children": []
							}
						]
					},
					{
						"objectId": "91F411AD-4C1D-46DE-9FEF-8F18CA5DD901",
						"kind": "group",
						"name": "Group_4",
						"originalName": "Group 4",
						"maskFrame": null,
						"layerFrame": {
							"x": 16,
							"y": 160,
							"width": 55,
							"height": 56
						},
						"visible": true,
						"metadata": {
							"opacity": 1
						},
						"children": [
							{
								"objectId": "B4E38683-4E72-41C4-AF9C-B15293531B23",
								"kind": "group",
								"name": "Group_110",
								"originalName": "Group 110",
								"maskFrame": null,
								"layerFrame": {
									"x": 50,
									"y": 197,
									"width": 19,
									"height": 19
								},
								"visible": true,
								"metadata": {
									"opacity": 1
								},
								"image": {
									"path": "images/Layer-Group_110-qjrfmzg2.png",
									"frame": {
										"x": 50,
										"y": 197,
										"width": 19,
										"height": 19
									}
								},
								"children": [
									{
										"objectId": "9C2E5941-651A-41A3-835B-1A736433A23D",
										"kind": "group",
										"name": "Group",
										"originalName": "Group",
										"maskFrame": null,
										"layerFrame": {
											"x": 53,
											"y": 200,
											"width": 12,
											"height": 12
										},
										"visible": true,
										"metadata": {
											"opacity": 1
										},
										"image": {
											"path": "images/Layer-Group-oumyrtu5.png",
											"frame": {
												"x": 53,
												"y": 200,
												"width": 12,
												"height": 12
											}
										},
										"children": []
									}
								]
							},
							{
								"objectId": "1102D28F-839A-4899-BE06-AACC499B1E8E",
								"kind": "group",
								"name": "random_user_imageM24",
								"originalName": "random-user-imageM24",
								"maskFrame": {
									"x": 0,
									"y": 0,
									"width": 55,
									"height": 55
								},
								"layerFrame": {
									"x": 16,
									"y": 160,
									"width": 55,
									"height": 55
								},
								"visible": true,
								"metadata": {
									"opacity": 1
								},
								"image": {
									"path": "images/Layer-random_user_imageM24-mtewmkqy.png",
									"frame": {
										"x": 16,
										"y": 160,
										"width": 55,
										"height": 55
									}
								},
								"children": []
							}
						]
					}
				]
			},
			{
				"objectId": "1A55FBC7-F06F-42C2-93D5-5E56EFA55C97",
				"kind": "group",
				"name": "Status1",
				"originalName": "Status",
				"maskFrame": null,
				"layerFrame": {
					"x": 13,
					"y": 285,
					"width": 363,
					"height": 286
				},
				"visible": true,
				"metadata": {
					"opacity": 1
				},
				"image": {
					"path": "images/Layer-Status-mue1nuzc.png",
					"frame": {
						"x": 13,
						"y": 285,
						"width": 363,
						"height": 286
					}
				},
				"children": []
			}
		]
	},
	{
		"objectId": "073DC245-0A4C-4BBC-A616-38A03553CE65",
		"kind": "artboard",
		"name": "Settings",
		"originalName": "Settings",
		"maskFrame": null,
		"layerFrame": {
			"x": 3026,
			"y": 1054,
			"width": 375,
			"height": 776
		},
		"visible": true,
		"metadata": {},
		"backgroundColor": "rgba(255, 255, 255, 1)",
		"image": {
			"path": "images/Layer-Settings-mdczremy.png",
			"frame": {
				"x": 3026,
				"y": 1054,
				"width": 375,
				"height": 776
			}
		},
		"children": [
			{
				"objectId": "C0B91CDC-52C0-4195-885A-D6345D8ECCEF",
				"kind": "group",
				"name": "Third_Block",
				"originalName": "Third Block",
				"maskFrame": null,
				"layerFrame": {
					"x": 0,
					"y": 601,
					"width": 377,
					"height": 96
				},
				"visible": true,
				"metadata": {
					"opacity": 1
				},
				"image": {
					"path": "images/Layer-Third_Block-qzbcotfd.png",
					"frame": {
						"x": 0,
						"y": 601,
						"width": 377,
						"height": 96
					}
				},
				"children": [
					{
						"objectId": "2E744A32-90B8-4AF1-84C2-78818FF34781",
						"kind": "group",
						"name": "Tell_a_Friend",
						"originalName": "Tell a Friend",
						"maskFrame": null,
						"layerFrame": {
							"x": 15,
							"y": 655,
							"width": 345,
							"height": 30
						},
						"visible": true,
						"metadata": {
							"opacity": 1
						},
						"image": {
							"path": "images/Layer-Tell_a_Friend-mku3ndrb.png",
							"frame": {
								"x": 15,
								"y": 655,
								"width": 345,
								"height": 30
							}
						},
						"children": [
							{
								"objectId": "06A162C2-0B20-4558-90BD-A852366563B9",
								"kind": "group",
								"name": "Group_11",
								"originalName": "Group 11",
								"maskFrame": null,
								"layerFrame": {
									"x": 15,
									"y": 655,
									"width": 29,
									"height": 30
								},
								"visible": true,
								"metadata": {
									"opacity": 1
								},
								"image": {
									"path": "images/Layer-Group_11-mdzbmtyy.png",
									"frame": {
										"x": 15,
										"y": 655,
										"width": 29,
										"height": 30
									}
								},
								"children": [
									{
										"objectId": "0D54037E-6776-47A6-9DEE-B62AF5BBF7BD",
										"kind": "group",
										"name": "Group_6_Copy",
										"originalName": "Group 6 Copy",
										"maskFrame": null,
										"layerFrame": {
											"x": 15,
											"y": 655,
											"width": 29,
											"height": 30
										},
										"visible": true,
										"metadata": {
											"opacity": 1
										},
										"image": {
											"path": "images/Layer-Group_6_Copy-meq1ndaz.png",
											"frame": {
												"x": 15,
												"y": 655,
												"width": 29,
												"height": 30
											}
										},
										"children": []
									}
								]
							}
						]
					},
					{
						"objectId": "D3A7912A-01CE-400F-A15D-E0721A8A04A1",
						"kind": "group",
						"name": "Help",
						"originalName": "Help",
						"maskFrame": null,
						"layerFrame": {
							"x": 15,
							"y": 609,
							"width": 361,
							"height": 40
						},
						"visible": true,
						"metadata": {
							"opacity": 1
						},
						"image": {
							"path": "images/Layer-Help-rdnbnzkx.png",
							"frame": {
								"x": 15,
								"y": 609,
								"width": 361,
								"height": 40
							}
						},
						"children": [
							{
								"objectId": "97B10249-EBC7-4814-96D1-4FC10E6DD283",
								"kind": "group",
								"name": "Group_10",
								"originalName": "Group 10",
								"maskFrame": null,
								"layerFrame": {
									"x": 15,
									"y": 609,
									"width": 29,
									"height": 30
								},
								"visible": true,
								"metadata": {
									"opacity": 1
								},
								"image": {
									"path": "images/Layer-Group_10-otdcmtay.png",
									"frame": {
										"x": 15,
										"y": 609,
										"width": 29,
										"height": 30
									}
								},
								"children": [
									{
										"objectId": "6FBABA3A-A323-45A7-B21F-41196756ECFF",
										"kind": "group",
										"name": "Group_3_Copy",
										"originalName": "Group 3 Copy",
										"maskFrame": null,
										"layerFrame": {
											"x": 15,
											"y": 609,
											"width": 29,
											"height": 30
										},
										"visible": true,
										"metadata": {
											"opacity": 1
										},
										"image": {
											"path": "images/Layer-Group_3_Copy-nkzcqujb.png",
											"frame": {
												"x": 15,
												"y": 609,
												"width": 29,
												"height": 30
											}
										},
										"children": []
									}
								]
							}
						]
					}
				]
			},
			{
				"objectId": "3D4ED33B-6AF0-4256-B1B6-3035EEE7F50E",
				"kind": "group",
				"name": "Second_Block",
				"originalName": "Second Block",
				"maskFrame": null,
				"layerFrame": {
					"x": 0,
					"y": 390,
					"width": 377,
					"height": 178
				},
				"visible": true,
				"metadata": {
					"opacity": 1
				},
				"image": {
					"path": "images/Layer-Second_Block-m0q0ruqz.png",
					"frame": {
						"x": 0,
						"y": 390,
						"width": 377,
						"height": 178
					}
				},
				"children": [
					{
						"objectId": "CE2BD181-57F8-401E-AA79-E85E94B56924",
						"kind": "group",
						"name": "Data_and_Storage_Usage",
						"originalName": "Data and Storage Usage",
						"maskFrame": null,
						"layerFrame": {
							"x": 16,
							"y": 529,
							"width": 344,
							"height": 30
						},
						"visible": true,
						"metadata": {
							"opacity": 1
						},
						"image": {
							"path": "images/Layer-Data_and_Storage_Usage-q0uyqkqx.png",
							"frame": {
								"x": 16,
								"y": 529,
								"width": 344,
								"height": 30
							}
						},
						"children": [
							{
								"objectId": "4DA12E9C-6C70-4FE3-B32E-E3CF6E380D21",
								"kind": "group",
								"name": "Group_8",
								"originalName": "Group 8",
								"maskFrame": null,
								"layerFrame": {
									"x": 16,
									"y": 529,
									"width": 29,
									"height": 30
								},
								"visible": true,
								"metadata": {
									"opacity": 1
								},
								"image": {
									"path": "images/Layer-Group_8-nerbmtjf.png",
									"frame": {
										"x": 16,
										"y": 529,
										"width": 29,
										"height": 30
									}
								},
								"children": [
									{
										"objectId": "803033F4-848F-4467-8A61-E1D3AC06AA93",
										"kind": "group",
										"name": "Group_9",
										"originalName": "Group 9",
										"maskFrame": null,
										"layerFrame": {
											"x": 22,
											"y": 536,
											"width": 16,
											"height": 16
										},
										"visible": true,
										"metadata": {
											"opacity": 1
										},
										"children": [
											{
												"objectId": "58FE949F-BCAE-42D7-8B36-1AAB64257848",
												"kind": "group",
												"name": "Group_7_Copy",
												"originalName": "Group 7 Copy",
												"maskFrame": null,
												"layerFrame": {
													"x": 29,
													"y": 539,
													"width": 9,
													"height": 13
												},
												"visible": true,
												"metadata": {
													"opacity": 1
												},
												"image": {
													"path": "images/Layer-Group_7_Copy-nthgrtk0.png",
													"frame": {
														"x": 29,
														"y": 539,
														"width": 9,
														"height": 13
													}
												},
												"children": []
											},
											{
												"objectId": "19EC5226-D340-41D2-84C7-EE80EB665438",
												"kind": "group",
												"name": "Group_7",
												"originalName": "Group 7",
												"maskFrame": null,
												"layerFrame": {
													"x": 22,
													"y": 536,
													"width": 9,
													"height": 13
												},
												"visible": true,
												"metadata": {
													"opacity": 1
												},
												"image": {
													"path": "images/Layer-Group_7-mtlfqzuy.png",
													"frame": {
														"x": 22,
														"y": 536,
														"width": 9,
														"height": 13
													}
												},
												"children": []
											}
										]
									}
								]
							}
						]
					},
					{
						"objectId": "233864E6-2885-4354-996A-25C746E24BE1",
						"kind": "group",
						"name": "Notifications",
						"originalName": "Notifications",
						"maskFrame": null,
						"layerFrame": {
							"x": 16,
							"y": 485,
							"width": 360,
							"height": 38
						},
						"visible": true,
						"metadata": {
							"opacity": 1
						},
						"image": {
							"path": "images/Layer-Notifications-mjmzody0.png",
							"frame": {
								"x": 16,
								"y": 485,
								"width": 360,
								"height": 38
							}
						},
						"children": [
							{
								"objectId": "8EE1F7A5-9E39-4000-A03A-3BCE8ADF0212",
								"kind": "group",
								"name": "Group_6",
								"originalName": "Group 6",
								"maskFrame": null,
								"layerFrame": {
									"x": 16,
									"y": 485,
									"width": 29,
									"height": 30
								},
								"visible": true,
								"metadata": {
									"opacity": 1
								},
								"image": {
									"path": "images/Layer-Group_6-oevfmuy3.png",
									"frame": {
										"x": 16,
										"y": 485,
										"width": 29,
										"height": 30
									}
								},
								"children": [
									{
										"objectId": "99A0F9A0-642D-4CD9-A992-F7DA861932E6",
										"kind": "group",
										"name": "Group_5",
										"originalName": "Group 5",
										"maskFrame": null,
										"layerFrame": {
											"x": 21,
											"y": 490,
											"width": 19,
											"height": 19
										},
										"visible": true,
										"metadata": {
											"opacity": 1
										},
										"image": {
											"path": "images/Layer-Group_5-otlbmey5.png",
											"frame": {
												"x": 21,
												"y": 490,
												"width": 19,
												"height": 19
											}
										},
										"children": []
									}
								]
							}
						]
					},
					{
						"objectId": "521411FA-936A-4FDB-88A5-40AF24CD5ECB",
						"kind": "group",
						"name": "Chats",
						"originalName": "Chats",
						"maskFrame": null,
						"layerFrame": {
							"x": 16,
							"y": 440,
							"width": 360,
							"height": 39
						},
						"visible": true,
						"metadata": {
							"opacity": 1
						},
						"image": {
							"path": "images/Layer-Chats-ntixndex.png",
							"frame": {
								"x": 16,
								"y": 440,
								"width": 360,
								"height": 39
							}
						},
						"children": [
							{
								"objectId": "925B2DEA-0FA2-4EBF-B7FD-3615B371509E",
								"kind": "group",
								"name": "Group_13",
								"originalName": "Group 13",
								"maskFrame": null,
								"layerFrame": {
									"x": 16,
									"y": 440,
									"width": 29,
									"height": 30
								},
								"visible": true,
								"metadata": {
									"opacity": 1
								},
								"children": [
									{
										"objectId": "99F6CC94-EE11-4413-A767-9AE5CF842DD2",
										"kind": "group",
										"name": "Group1",
										"originalName": "Group",
										"maskFrame": null,
										"layerFrame": {
											"x": 21,
											"y": 445,
											"width": 20,
											"height": 20
										},
										"visible": true,
										"metadata": {
											"opacity": 1
										},
										"image": {
											"path": "images/Layer-Group-otlgnknd.png",
											"frame": {
												"x": 21,
												"y": 445,
												"width": 20,
												"height": 20
											}
										},
										"children": [
											{
												"objectId": "348D4F5C-2371-43EC-977A-139719C6DCF0",
												"kind": "group",
												"name": "balloon_tip",
												"originalName": "balloon tip",
												"maskFrame": null,
												"layerFrame": {
													"x": 21,
													"y": 445,
													"width": 20,
													"height": 20
												},
												"visible": true,
												"metadata": {
													"opacity": 1
												},
												"image": {
													"path": "images/Layer-balloon_tip-mzq4rdrg.png",
													"frame": {
														"x": 21,
														"y": 445,
														"width": 20,
														"height": 20
													}
												},
												"children": []
											}
										]
									},
									{
										"objectId": "6568CB90-6E71-4361-8800-E52209DD9654",
										"kind": "group",
										"name": "Group_8_Copy",
										"originalName": "Group 8 Copy",
										"maskFrame": null,
										"layerFrame": {
											"x": 16,
											"y": 440,
											"width": 29,
											"height": 30
										},
										"visible": true,
										"metadata": {
											"opacity": 1
										},
										"image": {
											"path": "images/Layer-Group_8_Copy-nju2oenc.png",
											"frame": {
												"x": 16,
												"y": 440,
												"width": 29,
												"height": 30
											}
										},
										"children": []
									}
								]
							}
						]
					},
					{
						"objectId": "3A0E2EFB-6CC1-471F-A251-20FF4E546FE8",
						"kind": "group",
						"name": "Account",
						"originalName": "Account",
						"maskFrame": null,
						"layerFrame": {
							"x": 16,
							"y": 398,
							"width": 360,
							"height": 37
						},
						"visible": true,
						"metadata": {
							"opacity": 1
						},
						"image": {
							"path": "images/Layer-Account-m0ewrtjf.png",
							"frame": {
								"x": 16,
								"y": 398,
								"width": 360,
								"height": 37
							}
						},
						"children": [
							{
								"objectId": "E0F9BBBB-D776-42FB-BA81-B9783F105436",
								"kind": "group",
								"name": "Account_icon",
								"originalName": "Account icon",
								"maskFrame": null,
								"layerFrame": {
									"x": 16,
									"y": 398,
									"width": 29,
									"height": 30
								},
								"visible": true,
								"metadata": {
									"opacity": 1
								},
								"image": {
									"path": "images/Layer-Account_icon-rtbgoujc.png",
									"frame": {
										"x": 16,
										"y": 398,
										"width": 29,
										"height": 30
									}
								},
								"children": []
							}
						]
					}
				]
			},
			{
				"objectId": "261F8D83-658A-466F-BE7A-D69E8DD25CEA",
				"kind": "group",
				"name": "First_Block",
				"originalName": "First Block",
				"maskFrame": null,
				"layerFrame": {
					"x": 0,
					"y": 267,
					"width": 377,
					"height": 89
				},
				"visible": true,
				"metadata": {
					"opacity": 1
				},
				"image": {
					"path": "images/Layer-First_Block-mjyxrjhe.png",
					"frame": {
						"x": 0,
						"y": 267,
						"width": 377,
						"height": 89
					}
				},
				"children": [
					{
						"objectId": "69CF9EA0-A1B2-4E8D-B414-6A13FE03B376",
						"kind": "group",
						"name": "WhatsApp_Web_Desktop",
						"originalName": "WhatsApp Web/Desktop",
						"maskFrame": null,
						"layerFrame": {
							"x": 16,
							"y": 318,
							"width": 344,
							"height": 30
						},
						"visible": true,
						"metadata": {
							"opacity": 1
						},
						"image": {
							"path": "images/Layer-WhatsApp_Web_Desktop-njldrjlf.png",
							"frame": {
								"x": 16,
								"y": 318,
								"width": 344,
								"height": 30
							}
						},
						"children": [
							{
								"objectId": "BF925BD5-3676-4CF1-82AA-A0610D31CA0C",
								"kind": "group",
								"name": "Group_12",
								"originalName": "Group 12",
								"maskFrame": null,
								"layerFrame": {
									"x": 16,
									"y": 318,
									"width": 29,
									"height": 30
								},
								"visible": true,
								"metadata": {
									"opacity": 1
								},
								"children": [
									{
										"objectId": "0EE3B9C2-112A-4B23-9AC9-57890CC02012",
										"kind": "group",
										"name": "Group_21",
										"originalName": "Group 2",
										"maskFrame": null,
										"layerFrame": {
											"x": 20,
											"y": 326,
											"width": 21,
											"height": 15
										},
										"visible": true,
										"metadata": {
											"opacity": 1
										},
										"image": {
											"path": "images/Layer-Group_2-mevfm0i5.png",
											"frame": {
												"x": 20,
												"y": 326,
												"width": 21,
												"height": 15
											}
										},
										"children": []
									},
									{
										"objectId": "12878322-46B0-4CE4-B860-8B8516B8CB0A",
										"kind": "group",
										"name": "Group_Copy",
										"originalName": "Group Copy",
										"maskFrame": null,
										"layerFrame": {
											"x": 16,
											"y": 318,
											"width": 29,
											"height": 30
										},
										"visible": true,
										"metadata": {
											"opacity": 1
										},
										"image": {
											"path": "images/Layer-Group_Copy-mti4nzgz.png",
											"frame": {
												"x": 16,
												"y": 318,
												"width": 29,
												"height": 30
											}
										},
										"children": []
									}
								]
							}
						]
					},
					{
						"objectId": "57AEABB0-8A29-4CEB-90D3-C395D10F799C",
						"kind": "group",
						"name": "Starred_Images",
						"originalName": "Starred Images",
						"maskFrame": null,
						"layerFrame": {
							"x": 16,
							"y": 275,
							"width": 360,
							"height": 37
						},
						"visible": true,
						"metadata": {
							"opacity": 1
						},
						"image": {
							"path": "images/Layer-Starred_Images-ntdbrufc.png",
							"frame": {
								"x": 16,
								"y": 275,
								"width": 360,
								"height": 37
							}
						},
						"children": [
							{
								"objectId": "179C0838-1CC0-4089-9B18-E2A993974F6A",
								"kind": "group",
								"name": "Group2",
								"originalName": "Group",
								"maskFrame": null,
								"layerFrame": {
									"x": 16,
									"y": 275,
									"width": 29,
									"height": 30
								},
								"visible": true,
								"metadata": {
									"opacity": 1
								},
								"image": {
									"path": "images/Layer-Group-mtc5qza4.png",
									"frame": {
										"x": 16,
										"y": 275,
										"width": 29,
										"height": 30
									}
								},
								"children": []
							}
						]
					}
				]
			},
			{
				"objectId": "6B864134-626D-487D-8F69-747000B25FF3",
				"kind": "group",
				"name": "Name_Block",
				"originalName": "Name Block",
				"maskFrame": null,
				"layerFrame": {
					"x": 0,
					"y": 150,
					"width": 377,
					"height": 83
				},
				"visible": true,
				"metadata": {
					"opacity": 1
				},
				"image": {
					"path": "images/Layer-Name_Block-nki4njqx.png",
					"frame": {
						"x": 0,
						"y": 150,
						"width": 377,
						"height": 83
					}
				},
				"children": [
					{
						"objectId": "E8577866-1505-4CF8-8CF4-97971106229D",
						"kind": "group",
						"name": "User_image",
						"originalName": "User image",
						"maskFrame": {
							"x": 0,
							"y": 0,
							"width": 55,
							"height": 55
						},
						"layerFrame": {
							"x": 16,
							"y": 164,
							"width": 55,
							"height": 55
						},
						"visible": true,
						"metadata": {
							"opacity": 1
						},
						"image": {
							"path": "images/Layer-User_image-rtg1nzc4.png",
							"frame": {
								"x": 16,
								"y": 164,
								"width": 55,
								"height": 55
							}
						},
						"children": []
					}
				]
			}
		]
	},
	{
		"objectId": "42FEAD5D-003D-46A0-A93C-3CD055FE3339",
		"kind": "artboard",
		"name": "Camera",
		"originalName": "Camera",
		"maskFrame": null,
		"layerFrame": {
			"x": 2601,
			"y": 1054,
			"width": 375,
			"height": 667
		},
		"visible": true,
		"metadata": {},
		"backgroundColor": "rgba(255, 255, 255, 1)",
		"image": {
			"path": "images/Layer-Camera-ndjgrufe.png",
			"frame": {
				"x": 2601,
				"y": 1054,
				"width": 375,
				"height": 667
			}
		},
		"children": [
			{
				"objectId": "18407B98-888F-4392-ACFD-86AE60BCE8F3",
				"kind": "group",
				"name": "Photo_5",
				"originalName": "Photo-5",
				"maskFrame": {
					"x": 0,
					"y": 0,
					"width": 81,
					"height": 81
				},
				"layerFrame": {
					"x": 344,
					"y": 478,
					"width": 81,
					"height": 81
				},
				"visible": true,
				"metadata": {
					"opacity": 1
				},
				"image": {
					"path": "images/Layer-Photo_5-mtg0mddc.png",
					"frame": {
						"x": 344,
						"y": 478,
						"width": 81,
						"height": 81
					}
				},
				"children": []
			},
			{
				"objectId": "5C669434-23DA-4282-A14C-42CF270F7CA1",
				"kind": "group",
				"name": "Photo_4",
				"originalName": "Photo-4",
				"maskFrame": {
					"x": 0,
					"y": 0,
					"width": 81,
					"height": 81
				},
				"layerFrame": {
					"x": 259,
					"y": 478,
					"width": 81,
					"height": 81
				},
				"visible": true,
				"metadata": {
					"opacity": 1
				},
				"image": {
					"path": "images/Layer-Photo_4-num2njk0.png",
					"frame": {
						"x": 259,
						"y": 478,
						"width": 81,
						"height": 81
					}
				},
				"children": []
			},
			{
				"objectId": "BFAFEF3F-849C-4FDE-AD9A-2F7FE48331DD",
				"kind": "group",
				"name": "Photo_2",
				"originalName": "Photo-2",
				"maskFrame": {
					"x": 0,
					"y": 0,
					"width": 81,
					"height": 81
				},
				"layerFrame": {
					"x": 89,
					"y": 478,
					"width": 81,
					"height": 81
				},
				"visible": true,
				"metadata": {
					"opacity": 1
				},
				"image": {
					"path": "images/Layer-Photo_2-qkzbrkvg.png",
					"frame": {
						"x": 89,
						"y": 478,
						"width": 81,
						"height": 81
					}
				},
				"children": []
			},
			{
				"objectId": "4A5D3FC6-6BF8-46FE-AA39-909B398682AD",
				"kind": "group",
				"name": "Group_31",
				"originalName": "Group 3",
				"maskFrame": null,
				"layerFrame": {
					"x": 329,
					"y": 590,
					"width": 35,
					"height": 29
				},
				"visible": true,
				"metadata": {
					"opacity": 1
				},
				"image": {
					"path": "images/Layer-Group_3-nee1rdng.png",
					"frame": {
						"x": 329,
						"y": 590,
						"width": 35,
						"height": 29
					}
				},
				"children": [
					{
						"objectId": "92AE8F2F-00C1-4AF4-BC0F-4AC3551D180C",
						"kind": "group",
						"name": "Group_22",
						"originalName": "Group 2",
						"maskFrame": null,
						"layerFrame": {
							"x": 329,
							"y": 590,
							"width": 35,
							"height": 29
						},
						"visible": true,
						"metadata": {
							"opacity": 1
						},
						"image": {
							"path": "images/Layer-Group_2-otjbrthg.png",
							"frame": {
								"x": 329,
								"y": 590,
								"width": 35,
								"height": 29
							}
						},
						"children": []
					}
				]
			},
			{
				"objectId": "8A684D69-E9CD-4EB3-A4D2-43351581B474",
				"kind": "group",
				"name": "Photo_3",
				"originalName": "Photo-3",
				"maskFrame": {
					"x": 0,
					"y": 0,
					"width": 81,
					"height": 81
				},
				"layerFrame": {
					"x": 174,
					"y": 478,
					"width": 81,
					"height": 81
				},
				"visible": true,
				"metadata": {
					"opacity": 1
				},
				"image": {
					"path": "images/Layer-Photo_3-oee2odre.png",
					"frame": {
						"x": 174,
						"y": 478,
						"width": 81,
						"height": 81
					}
				},
				"children": []
			},
			{
				"objectId": "980563EC-D27B-4C4C-AA91-FA1EDC21A2A9",
				"kind": "group",
				"name": "Photo_1",
				"originalName": "Photo-1",
				"maskFrame": {
					"x": 0,
					"y": 0,
					"width": 81,
					"height": 81
				},
				"layerFrame": {
					"x": 4,
					"y": 478,
					"width": 81,
					"height": 81
				},
				"visible": true,
				"metadata": {
					"opacity": 1
				},
				"image": {
					"path": "images/Layer-Photo_1-otgwntyz.png",
					"frame": {
						"x": 4,
						"y": 478,
						"width": 81,
						"height": 81
					}
				},
				"children": []
			},
			{
				"objectId": "E778B97F-58FD-4D94-9E06-F18E3C84E664",
				"kind": "group",
				"name": "Close_Button",
				"originalName": "Close Button",
				"maskFrame": null,
				"layerFrame": {
					"x": 13,
					"y": 17,
					"width": 19,
					"height": 19
				},
				"visible": true,
				"metadata": {
					"opacity": 1
				},
				"image": {
					"path": "images/Layer-Close_Button-rtc3oei5.png",
					"frame": {
						"x": 13,
						"y": 17,
						"width": 19,
						"height": 19
					}
				},
				"children": []
			},
			{
				"objectId": "936AF9EB-BD7F-4820-BAE3-944DFF652FF0",
				"kind": "group",
				"name": "Gallery_icon",
				"originalName": "Gallery icon",
				"maskFrame": null,
				"layerFrame": {
					"x": 14,
					"y": 591,
					"width": 33,
					"height": 27
				},
				"visible": true,
				"metadata": {
					"opacity": 1
				},
				"image": {
					"path": "images/Layer-Gallery_icon-otm2quy5.png",
					"frame": {
						"x": 14,
						"y": 591,
						"width": 33,
						"height": 27
					}
				},
				"children": []
			}
		]
	},
	{
		"objectId": "0169B158-9553-4CF9-9DCB-C399DA14CB57",
		"kind": "artboard",
		"name": "Chat",
		"originalName": "Chat",
		"maskFrame": null,
		"layerFrame": {
			"x": 901,
			"y": 1054,
			"width": 375,
			"height": 667
		},
		"visible": true,
		"metadata": {},
		"backgroundColor": "rgba(255, 255, 255, 1)",
		"image": {
			"path": "images/Layer-Chat-mde2ouix.png",
			"frame": {
				"x": 901,
				"y": 1054,
				"width": 375,
				"height": 667
			}
		},
		"children": [
			{
				"objectId": "1FE5B821-D7CD-4132-BD93-7FBD3B65AF03",
				"kind": "group",
				"name": "Title",
				"originalName": "Title",
				"maskFrame": null,
				"layerFrame": {
					"x": 0,
					"y": 0,
					"width": 375,
					"height": 64
				},
				"visible": true,
				"metadata": {
					"opacity": 1
				},
				"image": {
					"path": "images/Layer-Title-muzfnui4.png",
					"frame": {
						"x": 0,
						"y": 0,
						"width": 375,
						"height": 64
					}
				},
				"children": [
					{
						"objectId": "57249342-9405-49FA-A967-FA9351A6B958",
						"kind": "group",
						"name": "icon_ios_phone",
						"originalName": "icon_ios_phone",
						"maskFrame": null,
						"layerFrame": {
							"x": 335,
							"y": 27,
							"width": 22,
							"height": 23
						},
						"visible": true,
						"metadata": {
							"opacity": 1
						},
						"image": {
							"path": "images/Layer-icon_ios_phone-ntcyndkz.png",
							"frame": {
								"x": 335,
								"y": 27,
								"width": 22,
								"height": 23
							}
						},
						"children": []
					},
					{
						"objectId": "362BA326-B323-469B-B394-E15F201266FB",
						"kind": "group",
						"name": "random_user_imageM11",
						"originalName": "random-user-imageM11",
						"maskFrame": {
							"x": 0,
							"y": 0,
							"width": 36,
							"height": 36
						},
						"layerFrame": {
							"x": 42,
							"y": 23,
							"width": 36,
							"height": 36
						},
						"visible": true,
						"metadata": {
							"opacity": 1
						},
						"image": {
							"path": "images/Layer-random_user_imageM11-mzyyqkez.png",
							"frame": {
								"x": 42,
								"y": 23,
								"width": 36,
								"height": 36
							}
						},
						"children": []
					},
					{
						"objectId": "422BCF29-CB26-4EC3-9C84-AE34A006BB7E",
						"kind": "group",
						"name": "Group3",
						"originalName": "Group",
						"maskFrame": null,
						"layerFrame": {
							"x": 284,
							"y": 33,
							"width": 25,
							"height": 15
						},
						"visible": true,
						"metadata": {
							"opacity": 1
						},
						"image": {
							"path": "images/Layer-Group-ndiyqkng.png",
							"frame": {
								"x": 284,
								"y": 33,
								"width": 25,
								"height": 15
							}
						},
						"children": []
					}
				]
			},
			{
				"objectId": "B3BA1F3A-3D00-4E1F-A36A-A3CDB6DA688C",
				"kind": "group",
				"name": "so_what_",
				"originalName": "so what?",
				"maskFrame": null,
				"layerFrame": {
					"x": 179,
					"y": 69,
					"width": 190,
					"height": 33
				},
				"visible": true,
				"metadata": {
					"opacity": 1
				},
				"image": {
					"path": "images/Layer-so_what_-qjncqtfg.png",
					"frame": {
						"x": 179,
						"y": 69,
						"width": 190,
						"height": 33
					}
				},
				"children": [
					{
						"objectId": "6F6CEB21-F7CC-46BD-AF1B-A8330E5A6784",
						"kind": "group",
						"name": "Blue_Ticks",
						"originalName": "Blue Ticks",
						"maskFrame": null,
						"layerFrame": {
							"x": 334,
							"y": 87,
							"width": 13,
							"height": 8
						},
						"visible": true,
						"metadata": {
							"opacity": 1
						},
						"image": {
							"path": "images/Layer-Blue_Ticks-nky2q0vc.png",
							"frame": {
								"x": 334,
								"y": 87,
								"width": 13,
								"height": 8
							}
						},
						"children": []
					}
				]
			},
			{
				"objectId": "3280CA7B-EF43-41AD-99D5-5A7759A8AFDA",
				"kind": "group",
				"name": "We_may_undergo_a_risk",
				"originalName": "We may undergo a risk",
				"maskFrame": null,
				"layerFrame": {
					"x": 15,
					"y": 112,
					"width": 275,
					"height": 34
				},
				"visible": true,
				"metadata": {
					"opacity": 1
				},
				"image": {
					"path": "images/Layer-We_may_undergo_a_risk-mzi4menb.png",
					"frame": {
						"x": 15,
						"y": 112,
						"width": 275,
						"height": 34
					}
				},
				"children": []
			},
			{
				"objectId": "FCE5AE25-6E95-415B-9835-7EDBE9A57C54",
				"kind": "group",
				"name": "Not_sure_of_the_success",
				"originalName": "Not sure of the success",
				"maskFrame": null,
				"layerFrame": {
					"x": 6,
					"y": 146,
					"width": 284,
					"height": 34
				},
				"visible": true,
				"metadata": {
					"opacity": 1
				},
				"image": {
					"path": "images/Layer-Not_sure_of_the_success-rknfnuff.png",
					"frame": {
						"x": 6,
						"y": 146,
						"width": 284,
						"height": 34
					}
				},
				"children": []
			},
			{
				"objectId": "E2AD711F-DBC6-4E4F-91A0-066B14094ED0",
				"kind": "group",
				"name": "we_may_succeed",
				"originalName": "we may succeed",
				"maskFrame": null,
				"layerFrame": {
					"x": 121,
					"y": 190,
					"width": 247,
					"height": 33
				},
				"visible": true,
				"metadata": {
					"opacity": 1
				},
				"image": {
					"path": "images/Layer-we_may_succeed-rtjbrdcx.png",
					"frame": {
						"x": 121,
						"y": 190,
						"width": 247,
						"height": 33
					}
				},
				"children": [
					{
						"objectId": "D657A3F6-8F20-4F82-A60B-BDD7ACC1AED0",
						"kind": "group",
						"name": "Blue_Ticks1",
						"originalName": "Blue Ticks",
						"maskFrame": null,
						"layerFrame": {
							"x": 333,
							"y": 207,
							"width": 13,
							"height": 8
						},
						"visible": true,
						"metadata": {
							"opacity": 1
						},
						"image": {
							"path": "images/Layer-Blue_Ticks-rdy1n0ez.png",
							"frame": {
								"x": 333,
								"y": 207,
								"width": 13,
								"height": 8
							}
						},
						"children": []
					}
				]
			},
			{
				"objectId": "C79F1E3E-1437-4694-AA4F-020792AF4DA1",
				"kind": "group",
				"name": "Reply_Message",
				"originalName": "Reply Message",
				"maskFrame": null,
				"layerFrame": {
					"x": 89,
					"y": 300,
					"width": 279,
					"height": 152
				},
				"visible": true,
				"metadata": {
					"opacity": 1
				},
				"image": {
					"path": "images/Layer-Reply_Message-qzc5rjff.png",
					"frame": {
						"x": 89,
						"y": 300,
						"width": 279,
						"height": 152
					}
				},
				"children": [
					{
						"objectId": "57FA6B9F-8717-4A32-A982-C990F6F9839E",
						"kind": "group",
						"name": "Reply_Rectangle",
						"originalName": "Reply Rectangle",
						"maskFrame": {
							"x": 0,
							"y": 0,
							"width": 262,
							"height": 54
						},
						"layerFrame": {
							"x": 93,
							"y": 304,
							"width": 262,
							"height": 54
						},
						"visible": true,
						"metadata": {
							"opacity": 1
						},
						"image": {
							"path": "images/Layer-Reply_Rectangle-ntdgqtzc.png",
							"frame": {
								"x": 93,
								"y": 304,
								"width": 262,
								"height": 54
							}
						},
						"children": []
					}
				]
			}
		]
	},
	{
		"objectId": "A1473459-8255-4655-AD09-DCA1DC980CCF",
		"kind": "artboard",
		"name": "Action",
		"originalName": "Action",
		"maskFrame": null,
		"layerFrame": {
			"x": 1326,
			"y": 1054,
			"width": 375,
			"height": 667
		},
		"visible": true,
		"metadata": {},
		"backgroundColor": "rgba(255, 255, 255, 1)",
		"image": {
			"path": "images/Layer-Action-qte0nzm0.png",
			"frame": {
				"x": 1326,
				"y": 1054,
				"width": 375,
				"height": 667
			}
		},
		"children": []
	}
]